keys,en,zh_TW,zh_CN
SYS_CONDITION_FORMAT,Condition: %s (%s),Condition: %s (%s),Condition: %s (%s)
SYS_PERCENT_FORMAT,%d%%,%d%%,%d%%
SYS_RARITY_COMMON,Common,Common,Common
SYS_RARITY_LEGENDARY,Legendary,Legendary,Legendary
SYS_RARITY_RARE,Rare,Rare,Rare
SYS_RARITY_UNCOMMON,Uncommon,Uncommon,Uncommon
SYS_STACK_FORMAT,%d  %s,%d  %s,%d  %s
SYS_UNKNOWN_FORMAT,Unknown %s,Unknown %s,Unknown %s
SYS_UNKNOWN_ITEM,Unknown Item,Unknown Item,Unknown Item
SYS_UNKNOWN_PLACEHOLDER,???,???,???
SYS_WEIGHT_FORMAT,%.1f kg,%.1f kg,%.1f kg
UI_ACTIONS_HEADER,ACTIONS,ACTIONS,ACTIONS
UI_ACTIVE,ACTIVE,ACTIVE,ACTIVE
UI_ACTIVE_TASKS,Active · Tasks,Active · Tasks,Active · Tasks
UI_ACTIVITY,Activity,Activity,Activity
UI_AGGRESSIVE,Aggressive,Aggressive,Aggressive
UI_ALL_LOTS_REVIEWED,All lots reviewed. Ready to load cargo.,All lots reviewed. Ready to load cargo.,All lots reviewed. Ready to load cargo.
UI_AP_LABEL,AP:  0 / 10,AP:  0 / 10,AP:  0 / 10
UI_ATTRIBUTES,Attributes,Attributes,Attributes
UI_AUCTION_TITLE,Auction,Auction,Auction
UI_AUTH,● AUTH,● AUTH,● AUTH
UI_AUTHENTICATED,● AUTHENTICATED,● AUTHENTICATED,● AUTHENTICATED
UI_BACK,Back,Back,Back
UI_BACK_TO_HUB,Back to Hub,Back to Hub,Back to Hub
UI_BALANCE_LABEL,Balance:   $0,Balance:   $0,Balance:   $0
UI_BAND_BAD,2-4: Bad (x0.7),2-4: Bad (x0.7),2-4: Bad (x0.7)
UI_BAND_BIG_WIN,10-12: Big Win (x1.5),10-12: Big Win (x1.5),10-12: Big Win (x1.5)
UI_BAND_SOLID,5-9: Solid (x1.1),5-9: Solid (x1.1),5-9: Solid (x1.1)
UI_BID,Bid,Bid,Bid
UI_BUDGET_LABEL,Budget: $0,Budget: $0,Budget: $0
UI_BUY,Buy,Buy,Buy
UI_CANCEL,Cancel,Cancel,Cancel
UI_CAPACITY_LABEL,Capacity: ???,Capacity: ???,Capacity: ???
UI_CARGO_MANIFEST,▼ Cargo Manifest,▼ Cargo Manifest,▼ Cargo Manifest
UI_CARGO_TITLE,Cargo,Cargo,Cargo
UI_CAR_CARGO,Car cargo,Car cargo,Car cargo
UI_CAR_SHOP,Car Shop,Car Shop,Car Shop
UI_CAR_TOTAL_LABEL,Car total: $0,Car total: $0,Car total: $0
UI_CATEGORIES_LABEL,Categories: —,Categories: —,Categories: —
UI_CHOOSE_ACTIVITY,Choose Activity,Choose Activity,Choose Activity
UI_CLEAR_CAR,Clear Car,Clear Car,Clear Car
UI_CLICK_TO_VIEW,Click an item to view details,Click an item to view details,Click an item to view details
UI_CLOSE_SHOP,Close Shop,Close Shop,Close Shop
UI_CLOSE_X,✕,✕,✕
UI_CLUES_HEADER,CLUES,CLUES,CLUES
UI_CLUE_RESULTS,Clue Results,Clue Results,Clue Results
UI_CONDITION,Condition,Condition,Condition
UI_CONFIRM,Confirm,Confirm,Confirm
UI_CONFIRM_DICE,Confirm Dice,Confirm Dice,Confirm Dice
UI_CONFIRM_SALE,Confirm Sale,Confirm Sale,Confirm Sale
UI_CONSERVATIVE,Conservative,Conservative,Conservative
UI_CONTINUE,Continue,Continue,Continue
UI_CONTINUE_TITLE,Continue?,Continue?,Continue?
UI_COPY_ERRORS,Copy Errors,Copy Errors,Copy Errors
UI_COUNT_UNKNOWN,×?,×?,×?
UI_CURRENCY_LABEL,$0,$0,$0
UI_CUSTOMERS_LABEL,Customers:,Customers:,Customers:
UI_CUSTOMER_NAME,Customer Name,Customer Name,Customer Name
UI_CUSTOMER_SALES,Customer Sales,Customer Sales,Customer Sales
UI_CUSTOMER_SELL_TITLE,Sell to Customer,Sell to Customer,Sell to Customer
UI_DAILY,Daily,Daily,Daily
UI_DAY_LABEL,Day 1,Day 1,Day 1
UI_DAY_PHASE_LABEL,Day 0   |   > Day  - Night,Day 0   |   > Day  - Night,Day 0   |   > Day  - Night
UI_DAY_SUMMARY_TITLE,Day Summary,Day Summary,Day Summary
UI_DEBUG_ADD_RANDOM,Add Random Item,Add Random Item,Add Random Item
UI_DEBUG_CLEAR_STORAGE,Clear All Storage,Clear All Storage,Clear All Storage
UI_DEBUG_LABEL,[DEBUG],[DEBUG],[DEBUG]
UI_DICE_ROLL_RESULTS,Dice Roll Results,Dice Roll Results,Dice Roll Results
UI_EM_DASH,—,—,—
UI_ENTER,Enter,Enter,Enter
UI_ENTRY_FEE_LABEL,Entry Fee:   $0,Entry Fee:   $0,Entry Fee:   $0
UI_EST_COST_LABEL,Est. Cost:   $0,Est. Cost:   $0,Est. Cost:   $0
UI_EST_VALUE,Est. Value,Est. Value,Est. Value
UI_EXTRA_CATEGORY_LABEL,Extra Category: —,Extra Category: —,Extra Category: —
UI_FATAL_ERROR_TITLE,Fatal Error,Fatal Error,Fatal Error
UI_FUEL_LABEL,Fuel:   $0,Fuel:   $0,Fuel:   $0
UI_GARAGE,Garage,Garage,Garage
UI_GRID_UNKNOWN,G: ???,G: ???,G: ???
UI_HUB_TITLE,Hub,Hub,Hub
UI_INSPECTION_TITLE,Inspect,Inspect,Inspect
UI_INSPECT_CLUES_ACTION,Inspect Clues (2 AP),Inspect Clues (2 AP),Inspect Clues (2 AP)
UI_ITEM_DETAILS,Item Details,Item Details,Item Details
UI_KNOWLEDGE_TITLE,Knowledge,Knowledge,Knowledge
UI_LABEL_SEPARATOR, - , - , -
UI_LEAVE_WORKSHOP,Leave Workshop,Leave Workshop,Leave Workshop
UI_LOCATION_ENTRY_TITLE,Enter Location,Enter Location,Enter Location
UI_LOCATION_SELECT_TITLE,Select Location,Select Location,Select Location
UI_LOTS_LABEL,Lots:   0,Lots:   0,Lots:   0
UI_LOT_BROWSE_TITLE,Browse Lots,Browse Lots,Browse Lots
UI_LOT_NUMBER,Lot 1 / 1,Lot 1 / 1,Lot 1 / 1
UI_LOT_REVIEW,LOT REVIEW,LOT REVIEW,LOT REVIEW
UI_MASTERY,Mastery,Mastery,Mastery
UI_MASTERY_RANK_LABEL,Mastery Rank: -,Mastery Rank: -,Mastery Rank: -
UI_NO_CUSTOMERS,No customers loaded,No customers loaded,No customers loaded
UI_NO_CUSTOMERS_TONIGHT,No customers tonight.,No customers tonight.,No customers tonight.
UI_NO_INSPECTION_AVAILABLE,No further inspection available,No further inspection available,No further inspection available
UI_NO_ITEMS,No items.,No items.,No items.
UI_NO_ITEM_SELECTED,No item selected,No item selected,No item selected
UI_NO_MATCHING_ITEMS,No matching items loaded.,No matching items loaded.,No matching items loaded.
UI_OK,OK,OK,OK
UI_OPENING_BID,OPENING BID,OPENING BID,OPENING BID
UI_PASS,Pass,Pass,Pass
UI_PASS_LOT_CONFIRM,Are you sure you want to pass this lot?,Are you sure you want to pass this lot?,Are you sure you want to pass this lot?
UI_PASS_LOT_TITLE,Pass Lot,Pass Lot,Pass Lot
UI_PERKS,Perks,Perks,Perks
UI_PRICE_CONVERGENCE,Price convergence,Price convergence,Price convergence
UI_PRICE_LABEL,Price: $-,Price: $-,Price: $-
UI_QUESTION_MARK,?,?,?
UI_QUIT,Quit,Quit,Quit
UI_RARITY_LABEL,Rarity: —,Rarity: —,Rarity: —
UI_REPAIR,Repair,Repair,Repair
UI_RESEARCH,Research,Research,Research
UI_RESET,Reset,Reset,Reset
UI_RESTORE,Restore,Restore,Restore
UI_REVEAL_NEXT,Reveal Next,Reveal Next,Reveal Next
UI_REVEAL_TITLE,Reveal,Reveal,Reveal
UI_REVIEW_LOT,Review Lot,Review Lot,Review Lot
UI_ROLLING_DICE,Rolling 4 dice...,Rolling 4 dice...,Rolling 4 dice...
UI_RUN_REVIEW_TITLE,Run Review,Run Review,Run Review
UI_SALE_RESULT,Sale Result,Sale Result,Sale Result
UI_SELECT,Select,Select,Select
UI_SELECTED,Selected,Selected,Selected
UI_SELECTED_ITEM,Selected Item,Selected Item,Selected Item
UI_SELECT_DICE,Select 2 dice to keep,Select 2 dice to keep,Select 2 dice to keep
UI_SELECT_TO_INSPECT,Select an item to inspect.,Select an item to inspect.,Select an item to inspect.
UI_SELL,Sell,Sell,Sell
UI_SELL_STRATEGY,Sell Strategy,Sell Strategy,Sell Strategy
UI_SETTINGS_AUDIO,Audio,音訊,音频
UI_SETTINGS_CLOSE,Close,關閉,关闭
UI_SETTINGS_CONFIRM_SKIP_BODY,Tutorials will no longer auto-start. You can turn them back on anytime in Settings.,教學將不再自動啟動。你可以隨時在設定中重新開啟。,教程将不再自动启动。你可以随时在设置中重新开启。
UI_SETTINGS_CONFIRM_SKIP_LABEL,"Skip all remaining tutorials?

Tutorials will no longer auto-start. You can turn them back on anytime in Settings.","跳過所有剩餘教學？

教學將不再自動啟動。你可以隨時在設定中重新開啟。","跳过所有剩余教程？

教程将不再自动启动。你可以随时在设置中重新开启。"
UI_SETTINGS_CONFIRM_SKIP_TITLE,Skip all remaining tutorials?,跳過所有剩餘教學？,跳过所有剩余教程？
UI_SETTINGS_DEBUG_MODE,Debug Mode,除錯模式,调试模式
UI_SETTINGS_DISPLAY,Display,顯示,显示
UI_SETTINGS_ENGLISH,English,English,English
UI_SETTINGS_FULLSCREEN,Fullscreen,全螢幕,全屏
UI_SETTINGS_GAMEPLAY,Gameplay,遊戲,游戏
UI_SETTINGS_ICON,⚙,⚙,⚙
UI_SETTINGS_LANGUAGE,Language,語言,语言
UI_SETTINGS_MASTER,Master,主音量,主音量
UI_SETTINGS_MUSIC,Music,音樂,音乐
UI_SETTINGS_NO,False,否,否
UI_SETTINGS_RETURN_TO_MAIN_MENU,Return to Main Menu,返回主選單,返回主菜单
UI_SETTINGS_SFX,SFX,音效,音效
UI_SETTINGS_SIMPLIFIED_CHINESE,简体中文,简体中文,简体中文
UI_SETTINGS_SKIP_TUTORIALS,Skip Tutorials,跳過教學,跳过教程
UI_SETTINGS_TITLE,Settings,設定,设置
UI_SETTINGS_TRADITIONAL_CHINESE,繁體中文,繁體中文,繁體中文
UI_SETTINGS_YES,True,是,是
UI_SETTLEMENT,Settlement,Settlement,Settlement
UI_SKIP_CARGO_CONFIRM,Skip the remaining lots and go straight to cargo?,Skip the remaining lots and go straight to cargo?,Skip the remaining lots and go straight to cargo?
UI_SKIP_TO_CARGO,Skip to Cargo,Skip to Cargo,Skip to Cargo
UI_SKIP_TO_CARGO_TITLE,Skip to Cargo,Skip to Cargo,Skip to Cargo
UI_SOLD_LABEL, SOLD! , SOLD! , SOLD!
UI_SORT_ASC,▲,▲,▲
UI_SORT_LABEL,Sort:,Sort:,Sort:
UI_START_AUCTION,Start Auction,Start Auction,Start Auction
UI_START_BACK,Back,返回,返回
UI_START_LOAD_GAME,Load Game,Load Game,Load Game
UI_START_NEW_GAME,New Game,New Game,New Game
UI_START_NEW_GAME_CONFIRM,Start New Game,開始新遊戲,开始新游戏
UI_START_NEW_GAME_CONFIRM_BODY,Start a new game? Current progress will be lost.,開始新遊戲？當前進度將遺失。,开始新游戏？当前进度将丢失。
UI_START_OVERWRITE,Overwrite,覆蓋,覆盖
UI_START_OVERWRITE_BODY,All progress in this slot will be lost.,此存檔的所有進度將遺失。,此存档的所有进度将丢失。
UI_START_OVERWRITE_SLOT_TITLE,Overwrite Slot,覆蓋存檔,覆盖存档
UI_START_QUIT,Quit,Quit,Quit
UI_START_SELECT_SLOT,Select Slot,選擇存檔,选择存档
UI_START_SETTINGS,Settings,Settings,Settings
UI_START_TITLE,Lot & Haul,裝載搬運,装载搬运
UI_STORAGE_COUNT_LABEL,Storage:   0 items,Storage:   0 items,Storage:   0 items
UI_STORAGE_TITLE,Storage,Storage,Storage
UI_SUM_LABEL,Sum: —,Sum: —,Sum: —
UI_TASK_COUNT,0/4,0/4,0/4
UI_TOTAL_ESTIMATE,TOTAL ESTIMATE,TOTAL ESTIMATE,TOTAL ESTIMATE
UI_TOTAL_LABEL,Total: —,Total: —,Total: —
UI_TRAILER,Trailer,Trailer,Trailer
UI_TRAVEL_LABEL,Travel:   1 day,Travel:   1 day,Travel:   1 day
UI_TRIP,Trip,Trip,Trip
UI_UNVEIL_ACTION,Unveil (1 AP),Unveil (1 AP),Unveil (1 AP)
UI_UPGRADE,Upgrade,Upgrade,Upgrade
UI_VEHICLE_TITLE,Vehicle,Vehicle,Vehicle
UI_VERIFIED_LABEL,Verified: 0 / 0,Verified: 0 / 0,Verified: 0 / 0
UI_VIEW_CARDS,Cards,Cards,Cards
UI_VIEW_TABLE,Table,Table,Table
UI_WANTS_LABEL,Wants: -,Wants: -,Wants: -
UI_WEIGHT_UNKNOWN,W: ???,W: ???,W: ???
UI_ZERO_ITEMS,0 items,0 items,0 items
